Date,Product,Category,Region,Units_Sold,Unit_Price,Revenue,Discount,Customer_Age,Customer_Gender
2023-10-17,Laptop,Electronics,East,16,1193.73,14897.75,0.22,61,Male
2023-08-28,Chair,Furniture,North,6,1171.33,5973.78,0.15,19,Male
2023-10-28,Gym Kit,Sports,South,29,2987.4,65842.3,0.24,18,Male
2023-12-16,Sofa,Furniture,East,10,1155.04,8893.81,0.23,24,Male
2023-01-25,Tablet,Electronics,East,39,1396.15,53905.35,0.01,47,Male
2023-01-23,Camera,Electronics,East,41,3130.75,94986.96,0.26,54,Male
2023-12-23,Laptop,Electronics,South,50,1518.0,74382.0,0.02,32,Male
2023-01-25,Oil,Food,East,11,1913.89,19789.62,0.06,35,Male
2023-09-16,Dress,Clothing,South,11,2365.08,23934.61,0.08,58,Male
2023-12-03,Rice,Food,South,3,4044.72,10678.06,0.12,22,Male
2023-08-04,Wheat,Food,West,26,4434.95,93400.05,0.19,27,Female
2022-05-23,Dress,Clothing,East,48,2964.47,103875.03,0.27,43,Female
2022-08-13,Dress,Clothing,West,6,3803.33,16886.79,0.26,27,Male
2023-11-28,Shelf,Furniture,North,25,1969.93,34473.77,0.3,51,Female
2023-07-21,Laptop,Electronics,East,50,3240.71,157174.43,0.03,45,Male
2023-04-10,Tablet,Electronics,South,33,4571.88,111645.31,0.26,37,Male
2022-06-06,Wheat,Food,North,39,1688.36,65187.58,0.01,41,Female
2022-09-03,Phone,Electronics,North,6,3686.35,16809.76,0.24,52,Male
2022-05-12,Shelf,Furniture,South,17,2685.6,37437.26,0.18,31,Male
2024-01-01,Oil,Food,East,29,4508.11,112432.26,0.14,33,Male
2022-03-07,Rice,Food,South,38,1179.07,43908.57,0.02,58,Male
2022-08-23,Laptop,Electronics,East,5,2619.36,12049.06,0.08,49,Male
2023-07-07,Dress,Clothing,West,16,3944.64,47966.82,0.24,30,Male
2022-04-10,Sofa,Furniture,West,27,2388.42,50300.13,0.22,61,Male
2022-03-04,Sofa,Furniture,North,16,1038.79,13961.34,0.16,26,Female
2022-07-07,Oil,Food,South,5,2271.34,8403.96,0.26,53,Male
2022-02-21,Cricket Bat,Sports,North,49,4258.61,198238.3,0.05,49,Female
2022-08-07,Chair,Furniture,South,25,110.56,2432.32,0.12,47,Female
2023-03-10,Gym Kit,Sports,South,13,1553.87,14342.22,0.29,55,Male
2022-11-18,Laptop,Electronics,West,33,4605.0,127650.6,0.16,21,Male
2022-07-10,Camera,Electronics,North,44,4322.91,167383.08,0.12,54,Male
2023-08-16,Cricket Bat,Sports,North,27,3321.13,74426.52,0.17,38,Female
2022-07-29,Wheat,Food,East,26,741.3,15611.78,0.19,47,Female
2022-03-16,Headphones,Electronics,North,5,2734.41,11621.24,0.15,26,Female
2022-03-12,Jacket,Clothing,East,11,2247.1,20763.2,0.16,37,Male
2023-11-15,Badminton,Sports,North,9,1395.88,9170.93,0.27,65,Male
2022-10-06,Spices,Food,South,46,1780.11,64689.2,0.21,34,Female
2022-09-15,Laptop,Electronics,West,18,316.03,5119.69,0.1,26,Female
2022-06-15,Shelf,Furniture,West,36,147.38,5199.57,0.02,62,Male
2023-07-13,Tablet,Electronics,South,28,724.48,18459.75,0.09,20,Female
2022-08-04,T-Shirt,Clothing,East,50,2843.43,105206.91,0.26,57,Male
2022-08-31,Jeans,Clothing,West,2,978.87,1409.57,0.28,44,Male
2022-10-01,T-Shirt,Clothing,West,3,4307.11,12016.84,0.07,47,Female
2022-11-09,Jeans,Clothing,North,43,1046.34,40493.36,0.1,22,Female
2022-12-26,Gym Kit,Sports,East,2,665.17,944.54,0.29,29,Female
2022-02-09,Camera,Electronics,West,23,3669.87,76810.38,0.09,56,Male
2023-01-30,Football,Sports,East,3,3573.05,10719.15,0.0,52,Male
2023-01-08,Chair,Furniture,East,40,1638.19,49145.7,0.25,64,Female
2023-06-04,Oil,Food,East,26,3516.32,75882.19,0.17,30,Female
2023-11-12,Table,Furniture,East,26,2784.89,72407.14,0.0,36,Male
2023-03-17,Cycle,Sports,East,30,2264.75,54354.0,0.2,50,Female
2022-06-23,Tablet,Electronics,East,6,4110.27,18989.45,0.23,61,Female
2022-08-19,Jeans,Clothing,North,3,1299.73,3353.3,0.14,22,Female
2023-03-01,Football,Sports,West,32,2058.3,63230.98,0.04,62,Male
2022-04-20,Table,Furniture,South,45,2637.99,116335.36,0.02,33,Male
2023-04-13,Shoes,Clothing,East,49,4467.99,179523.84,0.18,64,Female
2023-07-16,Table,Furniture,West,29,1370.04,36949.98,0.07,58,Female
2023-06-18,Table,Furniture,East,29,479.67,12658.49,0.09,35,Female
2022-11-24,Cricket Bat,Sports,South,10,1233.18,9742.12,0.21,63,Male
2022-03-07,Bed,Furniture,East,35,2383.03,81737.93,0.02,44,Female
2023-08-22,Camera,Electronics,West,31,128.89,3556.08,0.11,42,Female
2023-07-06,Cycle,Sports,South,32,1175.17,32716.73,0.13,19,Female
2022-12-11,Table,Furniture,West,9,4905.54,37085.88,0.16,43,Male
2022-03-27,Table,Furniture,West,12,346.39,3699.45,0.11,31,Female
2022-12-01,Oil,Food,East,49,4760.9,202957.17,0.13,23,Female
2022-01-20,Cricket Bat,Sports,East,15,3285.71,37949.95,0.23,59,Male
2022-02-01,Jeans,Clothing,North,40,846.67,32512.13,0.04,60,Male
2023-08-01,Shoes,Clothing,East,50,1907.59,78211.19,0.18,65,Male
2022-06-17,Rice,Food,North,20,2921.4,42652.44,0.27,42,Female
2022-07-23,Camera,Electronics,South,7,3516.25,22398.51,0.09,61,Male
2023-08-03,Tablet,Electronics,West,43,1915.8,70022.49,0.15,39,Male
2023-03-07,Chair,Furniture,West,24,3214.37,57858.66,0.25,63,Male
2023-03-22,Dress,Clothing,East,40,4060.18,136422.05,0.16,48,Female
2023-03-23,Badminton,Sports,East,16,4170.58,64727.4,0.03,46,Male
2023-04-21,Cycle,Sports,West,22,240.63,3917.46,0.26,29,Female
2022-08-06,Sugar,Food,East,18,4413.57,62760.97,0.21,35,Male
2023-06-14,T-Shirt,Clothing,South,47,2091.5,81589.41,0.17,33,Female
2023-10-24,Bed,Furniture,North,6,1541.75,8140.44,0.12,33,Female
2023-11-11,Badminton,Sports,West,36,2701.52,84611.61,0.13,65,Female
2022-12-27,Sofa,Furniture,East,17,1229.64,16305.03,0.22,38,Male
2023-07-03,Jeans,Clothing,South,48,2472.57,92573.02,0.22,51,Female
2022-04-13,Jacket,Clothing,South,24,979.26,23502.24,0.0,52,Male
2022-10-08,Laptop,Electronics,East,45,4726.04,172264.16,0.19,49,Male
2022-01-13,Badminton,Sports,West,31,2258.3,65806.86,0.06,21,Female
2023-05-05,Laptop,Electronics,West,32,463.0,12000.96,0.19,21,Male
2022-06-02,Badminton,Sports,North,16,680.41,8382.65,0.23,56,Male
2023-06-20,Bed,Furniture,West,20,4314.82,60407.48,0.3,37,Male
2023-09-17,Phone,Electronics,South,17,3336.1,53878.01,0.05,29,Male
2022-06-10,Headphones,Electronics,West,45,3009.67,123245.99,0.09,32,Female
2023-12-25,Oil,Food,North,44,1243.78,50348.21,0.08,58,Male
2023-03-12,Camera,Electronics,South,42,830.05,32073.13,0.08,27,Male
2022-03-03,Jacket,Clothing,East,29,709.33,16250.75,0.21,62,Female
2022-10-06,Cycle,Sports,West,29,494.17,14187.62,0.01,45,Female
2023-09-11,Rice,Food,North,15,4813.36,54150.3,0.25,54,Male
2023-11-20,Spices,Food,North,49,3805.72,160373.04,0.14,59,Female
2022-10-12,Dress,Clothing,West,41,4089.8,119054.08,0.29,48,Female
2023-02-23,Sugar,Food,North,11,1716.04,14912.39,0.21,36,Female
2023-07-18,Headphones,Electronics,North,21,1336.75,27229.6,0.03,43,Male
2023-11-05,Gym Kit,Sports,West,4,1019.15,3628.17,0.11,49,Female
2022-02-22,Jacket,Clothing,South,19,2246.77,33724.02,0.21,25,Male
2023-10-08,Football,Sports,South,20,2799.11,46465.23,0.17,23,Male
2022-04-27,Chair,Furniture,South,32,4670.0,135990.4,0.09,63,Female
2023-03-02,Bed,Furniture,South,30,2801.2,73951.68,0.12,56,Male
2022-03-13,Oil,Food,East,33,1409.15,46501.95,0.0,64,Female
2023-08-25,Gym Kit,Sports,South,29,2739.04,71488.94,0.1,53,Female
2023-04-12,Wheat,Food,South,37,1976.56,54118.21,0.26,44,Male
2022-11-22,Bed,Furniture,West,43,3982.73,137005.91,0.2,27,Female
2022-02-07,Dress,Clothing,East,7,4383.53,26695.7,0.13,51,Female
2022-01-16,Shoes,Clothing,South,5,2400.5,8521.77,0.29,39,Female
2023-10-28,Tablet,Electronics,West,21,3171.32,48616.34,0.27,49,Male
2023-09-25,Phone,Electronics,East,15,3759.16,49057.04,0.13,24,Male
2023-03-31,Jacket,Clothing,North,3,1689.44,4966.95,0.02,40,Female
2023-03-18,Jeans,Clothing,West,37,3440.82,120944.82,0.05,29,Male
2023-09-17,Shelf,Furniture,South,32,4572.86,140478.26,0.04,47,Female
2023-04-16,Rice,Food,West,19,3420.29,61736.23,0.05,46,Female
2023-08-25,Oil,Food,East,30,4241.99,119624.12,0.06,42,Female
2022-04-20,Shoes,Clothing,East,37,1549.77,45299.78,0.21,19,Female
2022-10-09,Camera,Electronics,North,39,3751.34,109726.7,0.25,36,Male
2023-09-14,Wheat,Food,South,40,1328.07,40904.56,0.23,60,Male
2023-10-06,Laptop,Electronics,East,29,263.49,6800.68,0.11,26,Male
2022-10-30,Oil,Food,South,13,747.58,8163.57,0.16,41,Female
2022-06-18,Oil,Food,East,48,4364.95,159233.38,0.24,47,Male
2022-05-25,Shoes,Clothing,East,6,3974.34,23846.04,0.0,52,Male
2023-04-11,Sugar,Food,West,41,4707.43,187214.49,0.03,32,Female
2022-01-26,Cycle,Sports,East,40,1184.7,46440.24,0.02,47,Female
2023-10-27,Chair,Furniture,South,3,4736.68,12931.14,0.09,49,Male
2022-04-10,Dress,Clothing,South,25,2322.85,46457.0,0.2,65,Female
2023-08-25,Shoes,Clothing,North,32,3116.7,71808.77,0.28,35,Male
2023-12-08,Wheat,Food,West,29,4757.72,102100.67,0.26,24,Female
2023-07-12,Rice,Food,West,18,1030.06,17799.44,0.04,47,Male
2023-11-10,Dress,Clothing,North,4,3955.29,14713.68,0.07,26,Male
2022-03-12,Football,Sports,South,15,1709.94,24623.14,0.04,56,Male
2022-10-11,Jeans,Clothing,East,12,638.64,5671.12,0.26,26,Male
2023-01-02,Dress,Clothing,East,2,953.81,1869.47,0.02,65,Female
2023-06-23,Laptop,Electronics,West,29,3912.28,96437.7,0.15,24,Female
2023-05-31,Dress,Clothing,North,47,3937.81,136957.03,0.26,51,Female
2023-04-15,Laptop,Electronics,West,26,2188.74,55200.02,0.03,63,Female
2022-03-17,Tablet,Electronics,South,5,718.34,2909.28,0.19,55,Female
2023-01-26,Cycle,Sports,East,30,2577.2,67264.92,0.13,62,Male
2023-11-02,Football,Sports,West,29,4451.65,113606.11,0.12,47,Female
2023-03-02,Tablet,Electronics,West,21,3359.03,62780.27,0.11,27,Female
2022-03-10,Laptop,Electronics,North,28,573.17,12518.03,0.22,26,Male
2023-08-24,Cycle,Sports,East,43,698.93,26748.05,0.11,60,Female
2022-02-22,Spices,Food,East,23,607.64,11879.36,0.15,27,Female
2022-08-18,Tablet,Electronics,East,8,3836.77,25476.15,0.17,45,Male
2023-09-16,Rice,Food,South,18,3543.22,58037.94,0.09,39,Female
2022-01-07,Jeans,Clothing,West,5,795.19,3220.52,0.19,19,Male
2023-06-28,Shoes,Clothing,West,30,1770.39,47269.41,0.11,64,Female
2023-08-05,Cricket Bat,Sports,North,10,871.31,7057.61,0.19,61,Male
2022-10-06,Bed,Furniture,West,39,2266.02,81304.8,0.08,50,Male
2022-12-20,Chair,Furniture,East,44,3424.58,128079.29,0.15,60,Female
2022-02-16,Shoes,Clothing,North,1,1101.67,793.2,0.28,26,Female
2022-10-24,Rice,Food,North,32,3760.37,114315.25,0.05,42,Male
2023-05-28,Badminton,Sports,North,26,4322.65,111265.01,0.01,19,Female
2022-03-21,Spices,Food,West,37,2081.67,62387.65,0.19,36,Male
2023-02-19,Tablet,Electronics,South,40,2354.47,74401.25,0.21,41,Male
2023-03-24,Phone,Electronics,West,38,2062.2,76796.33,0.02,37,Female
2022-08-15,Wheat,Food,North,33,3202.8,88781.62,0.16,30,Female
2022-12-26,Jeans,Clothing,North,10,1354.24,12865.28,0.05,27,Male
2022-07-01,Bed,Furniture,West,44,4628.36,169027.71,0.17,58,Female
2023-10-05,Wheat,Food,West,5,2397.71,9710.73,0.19,35,Male
2022-12-27,Cricket Bat,Sports,East,30,2314.38,68042.77,0.02,36,Male
2023-10-23,Camera,Electronics,West,30,2943.61,62698.89,0.29,65,Male
2023-04-06,Football,Sports,East,39,2430.58,90052.99,0.05,21,Female
2022-04-16,Rice,Food,South,3,1313.94,3429.38,0.13,46,Male
2023-01-08,Sugar,Food,West,27,3894.88,84129.41,0.2,21,Female
2022-03-09,Rice,Food,West,19,1334.78,18767.01,0.26,56,Male
2022-12-08,Camera,Electronics,South,23,1620.14,29810.58,0.2,60,Female
2022-05-13,Cricket Bat,Sports,East,36,1945.73,53235.17,0.24,26,Male
2023-10-24,Shelf,Furniture,East,2,1876.73,3565.79,0.05,31,Female
2023-05-13,Jeans,Clothing,South,10,478.11,3585.83,0.25,24,Male
2023-11-09,Spices,Food,South,39,1945.93,72096.71,0.05,62,Male
2023-03-25,Headphones,Electronics,East,44,3625.97,113275.3,0.29,57,Female
2023-04-05,Dress,Clothing,South,20,4831.42,73437.58,0.24,30,Female
2023-11-26,Gym Kit,Sports,West,50,1480.68,65890.26,0.11,51,Female
2022-06-15,Dress,Clothing,South,17,355.68,5200.04,0.14,41,Male
2023-12-30,Cricket Bat,Sports,East,6,3839.27,21192.77,0.08,50,Male
2023-03-24,Phone,Electronics,West,23,4659.31,94304.43,0.12,43,Female
2022-08-30,Chair,Furniture,East,15,238.12,2571.7,0.28,63,Female
2022-05-30,T-Shirt,Clothing,East,31,3510.75,104479.92,0.04,63,Female
2023-04-05,Cricket Bat,Sports,North,2,1354.03,2031.05,0.25,53,Female
2022-04-24,Wheat,Food,East,8,333.97,2324.43,0.13,57,Female
2022-03-06,Headphones,Electronics,North,41,2625.34,100104.21,0.07,27,Female
2023-03-16,Camera,Electronics,East,16,2896.25,43559.6,0.06,60,Male
2023-06-21,Rice,Food,North,25,4379.32,108388.17,0.01,42,Female
2022-09-17,Tablet,Electronics,North,23,1281.52,23579.97,0.2,24,Female
2022-05-17,Tablet,Electronics,East,42,957.94,30979.78,0.23,47,Female
2023-10-09,Jeans,Clothing,North,46,3903.33,154415.73,0.14,36,Male
2022-02-14,T-Shirt,Clothing,East,20,2625.38,36755.32,0.3,52,Female
2022-09-17,Phone,Electronics,East,23,4324.48,98468.41,0.01,59,Female
2022-10-07,Tablet,Electronics,West,26,3742.21,71027.15,0.27,42,Female
2022-07-11,Bed,Furniture,East,34,1406.93,46878.91,0.02,45,Male
2023-03-17,Football,Sports,East,21,602.73,11391.6,0.1,36,Female
2023-04-02,Gym Kit,Sports,South,45,2275.15,89072.12,0.13,64,Female
2023-09-22,Sofa,Furniture,North,5,3388.8,14910.72,0.12,50,Male
2022-02-01,Dress,Clothing,West,3,718.53,2004.7,0.07,59,Female
2023-01-06,Shelf,Furniture,North,39,851.85,28903.27,0.13,41,Female
2023-03-31,Camera,Electronics,South,34,1898.05,58725.67,0.09,35,Male
2022-04-27,Phone,Electronics,West,34,1996.24,56333.89,0.17,34,Female
2023-12-22,Table,Furniture,East,45,4590.75,175596.19,0.15,25,Male
2022-03-17,Table,Furniture,West,6,4071.51,17344.63,0.29,38,Female
2023-12-28,Camera,Electronics,East,20,4271.67,67492.39,0.21,62,Male
2023-01-06,Football,Sports,North,13,3981.12,48131.74,0.07,49,Male
2023-01-05,Cycle,Sports,East,30,4037.94,100544.71,0.17,57,Male
2022-03-09,Oil,Food,West,34,2112.9,63217.97,0.12,54,Male
2022-05-09,Rice,Food,West,30,3432.53,92678.31,0.1,53,Male
2022-05-13,Shelf,Furniture,North,8,2638.7,19209.74,0.09,28,Female
2023-12-28,Jacket,Clothing,East,6,1327.97,6453.93,0.19,53,Female
2022-05-09,Spices,Food,North,33,3240.84,87697.13,0.18,55,Male
2022-06-25,Cycle,Sports,East,37,301.85,8264.65,0.26,23,Male
2023-10-19,Badminton,Sports,South,50,2903.47,117590.54,0.19,19,Female
2023-10-05,Badminton,Sports,East,31,1299.9,30625.64,0.24,43,Female
2023-04-10,Laptop,Electronics,South,29,2136.55,53285.56,0.14,39,Male
2022-11-17,Sugar,Food,West,9,3827.26,29278.54,0.15,24,Female
2022-09-05,Chair,Furniture,East,29,1314.8,36985.32,0.03,36,Female
2023-09-23,Table,Furniture,South,21,4675.38,76582.72,0.22,30,Male
2023-05-26,Gym Kit,Sports,West,20,2537.11,49219.93,0.03,43,Female
2022-09-04,Dress,Clothing,East,4,347.65,1182.01,0.15,59,Female
2022-10-20,Cricket Bat,Sports,North,28,756.28,19481.77,0.08,41,Female
2023-01-10,Headphones,Electronics,North,37,2852.9,93946.0,0.11,36,Male
2023-01-31,Gym Kit,Sports,East,40,3433.95,131863.68,0.04,24,Female
2023-01-18,Spices,Food,East,49,806.91,32421.64,0.18,43,Male
2022-02-16,Phone,Electronics,East,31,2644.73,78707.16,0.04,50,Male
2022-12-02,Badminton,Sports,South,26,4954.02,100467.53,0.22,37,Female
2023-06-04,Cycle,Sports,West,46,2858.33,113075.53,0.14,19,Female
2022-12-06,Headphones,Electronics,East,47,4373.29,166491.15,0.19,56,Female
2022-09-29,Cycle,Sports,South,47,351.64,14213.29,0.14,51,Female
2022-06-01,T-Shirt,Clothing,North,13,192.79,2280.71,0.09,27,Female
2023-12-09,Shoes,Clothing,West,48,3664.27,138949.12,0.21,51,Male
2023-07-29,Oil,Food,West,21,4787.76,86466.95,0.14,52,Female
2023-07-14,Sugar,Food,West,13,4790.95,57299.76,0.08,37,Male
2022-11-01,Wheat,Food,West,21,2451.04,42721.63,0.17,64,Female
2022-10-22,Camera,Electronics,West,26,4110.05,75871.52,0.29,27,Female
2022-02-13,Rice,Food,East,29,3314.26,74968.56,0.22,31,Male
2023-07-06,Spices,Food,East,9,635.21,4459.17,0.22,33,Male
2022-02-21,Football,Sports,South,4,590.97,2127.49,0.1,48,Male
2023-11-29,T-Shirt,Clothing,South,27,3299.17,65917.42,0.26,48,Female
2023-10-29,Jacket,Clothing,East,19,3264.9,45284.16,0.27,23,Male
2023-07-02,Phone,Electronics,West,12,4676.22,55553.49,0.01,43,Female
2022-07-10,Rice,Food,North,20,2883.01,55930.39,0.03,39,Female
2023-04-11,Cycle,Sports,West,9,4270.19,33051.27,0.14,30,Male
2022-12-05,Shoes,Clothing,East,46,1012.38,36324.19,0.22,36,Male
2022-06-29,Gym Kit,Sports,West,33,1706.84,49566.63,0.12,24,Male
2022-05-24,Sofa,Furniture,South,1,1377.85,1281.4,0.07,35,Female
2022-11-06,Cycle,Sports,North,17,3303.05,44359.96,0.21,21,Male
2023-04-22,Wheat,Food,West,44,2562.35,82302.68,0.27,63,Female
2023-12-08,Tablet,Electronics,East,40,1182.16,33573.34,0.29,48,Male
2023-04-11,Badminton,Sports,West,45,2791.25,108021.38,0.14,52,Male
2022-09-11,Cricket Bat,Sports,West,34,3548.45,118234.35,0.02,54,Male
2022-03-05,Cycle,Sports,South,37,2729.63,95946.49,0.05,51,Female
2022-04-30,Dress,Clothing,West,6,4504.56,23513.8,0.13,21,Female
2022-05-16,Gym Kit,Sports,West,37,382.91,12184.2,0.14,37,Male
2023-02-10,Rice,Food,South,38,457.84,15136.19,0.13,62,Male
2023-07-09,Laptop,Electronics,West,3,1506.74,4294.21,0.05,26,Female
2023-01-19,Bed,Furniture,West,25,493.22,8754.65,0.29,52,Male
2023-11-01,Rice,Food,South,35,2025.99,68073.26,0.04,32,Male
2022-01-24,Oil,Food,West,35,1958.45,63747.55,0.07,47,Female
2022-06-08,Wheat,Food,North,3,4066.44,10613.41,0.13,19,Male
2022-07-31,Laptop,Electronics,North,29,3029.15,69397.83,0.21,21,Male
2022-02-15,Bed,Furniture,South,35,1164.62,30163.66,0.26,21,Male
2023-05-31,Wheat,Food,East,37,3029.8,89682.08,0.2,38,Male
2022-11-06,Dress,Clothing,South,27,1572.45,41607.03,0.02,55,Male
2023-10-04,Shelf,Furniture,West,4,4864.22,14008.95,0.28,60,Female
2023-06-22,Oil,Food,West,10,1569.45,14752.83,0.06,52,Female
2022-09-04,Jacket,Clothing,South,30,4582.23,114097.53,0.17,44,Male
2023-02-02,Jacket,Clothing,South,22,3268.86,51778.74,0.28,41,Male
2023-07-03,T-Shirt,Clothing,East,25,3400.99,69720.29,0.18,22,Male
2023-08-25,Football,Sports,West,14,4360.42,54941.29,0.1,18,Male
2022-07-14,Headphones,Electronics,South,45,3061.57,129504.41,0.06,33,Female
2022-10-17,Bed,Furniture,East,20,1381.65,23488.05,0.15,49,Female
2022-04-11,Sofa,Furniture,South,24,1633.32,38807.68,0.01,32,Male
2022-01-17,Spices,Food,West,19,846.82,14480.62,0.1,42,Male
2023-05-27,Badminton,Sports,East,49,4125.8,143536.58,0.29,59,Female
2023-04-17,Jacket,Clothing,South,9,3629.54,27765.98,0.15,52,Male
2023-06-21,Laptop,Electronics,North,49,131.28,6175.41,0.04,58,Male
2022-03-11,T-Shirt,Clothing,South,33,2334.45,75496.11,0.02,58,Female
2023-11-07,Chair,Furniture,North,35,2803.05,98106.75,0.0,51,Female
2023-07-03,Rice,Food,West,12,624.38,7267.78,0.03,27,Male
2022-07-16,Cycle,Sports,East,23,1409.89,28536.17,0.12,41,Female
2023-04-16,Football,Sports,South,20,3451.8,51777.0,0.25,59,Male
2022-04-06,Bed,Furniture,West,36,2432.42,70929.37,0.19,62,Male
2022-03-26,Bed,Furniture,East,37,4888.91,128431.67,0.29,51,Male
2022-08-24,Dress,Clothing,West,18,328.15,5788.57,0.02,35,Male
2022-07-03,Rice,Food,South,38,806.54,22986.39,0.25,43,Male
2022-11-03,Dress,Clothing,South,37,4189.79,136419.56,0.12,52,Female
2023-01-29,T-Shirt,Clothing,East,4,578.66,2152.62,0.07,22,Female
2023-09-12,Cycle,Sports,West,50,1699.25,68819.62,0.19,46,Female
2022-08-22,Spices,Food,West,28,1010.12,23192.36,0.18,42,Male
2023-09-26,Wheat,Food,North,6,1413.06,7545.74,0.11,58,Male
2023-02-03,Sugar,Food,North,6,125.46,685.01,0.09,41,Female
2022-04-15,T-Shirt,Clothing,South,28,2299.33,53436.43,0.17,44,Male
2022-01-27,Tablet,Electronics,North,39,3030.41,106367.39,0.1,42,Male
2022-10-26,Bed,Furniture,North,47,4515.57,154929.21,0.27,33,Male
2023-12-03,Table,Furniture,South,18,1575.54,24105.76,0.15,22,Male
2023-03-22,Oil,Food,East,31,3935.07,108568.58,0.11,33,Female
2023-09-01,Football,Sports,West,7,763.9,5347.3,0.0,43,Female
2023-09-28,Sofa,Furniture,West,22,2210.02,36465.33,0.25,59,Male
2022-11-04,Spices,Food,South,31,1639.5,36085.39,0.29,38,Female
2023-12-13,Shelf,Furniture,South,21,1942.67,31005.01,0.24,43,Female
2022-04-27,Football,Sports,South,44,3861.33,168199.53,0.01,64,Female
2023-12-27,Shoes,Clothing,East,45,438.88,14812.2,0.25,44,Female
2022-05-23,Wheat,Food,East,43,855.3,31996.77,0.13,42,Male
2023-04-05,Gym Kit,Sports,West,35,2582.4,65076.48,0.28,62,Female
2023-07-11,Tablet,Electronics,North,7,3867.87,21660.07,0.2,40,Male
2023-10-25,Cricket Bat,Sports,West,49,1724.82,64232.3,0.24,24,Male
2022-04-11,Wheat,Food,South,29,1933.19,48213.76,0.14,61,Male
2022-12-20,Headphones,Electronics,North,19,2138.28,28845.4,0.29,25,Male
2022-12-23,Sugar,Food,West,14,2653.46,33433.6,0.1,24,Female
2023-12-15,Sofa,Furniture,North,20,318.95,5039.41,0.21,19,Female
2023-10-26,Phone,Electronics,South,34,954.82,30840.69,0.05,53,Female
2023-04-19,Shoes,Clothing,South,12,3238.35,33808.37,0.13,19,Male
2023-04-06,Gym Kit,Sports,West,1,3553.2,3340.01,0.06,63,Male
2023-08-15,Camera,Electronics,South,24,1697.33,35032.89,0.14,34,Female
2023-06-25,Spices,Food,West,40,2023.47,78510.64,0.03,40,Female
2023-09-25,Jacket,Clothing,North,44,756.34,31947.8,0.04,37,Male
2022-07-07,Wheat,Food,West,27,3022.49,67734.0,0.17,45,Male
2023-05-14,Football,Sports,South,32,1515.29,45579.92,0.06,46,Male
2023-01-03,Headphones,Electronics,South,13,4094.56,37792.79,0.29,50,Female
2023-02-23,Bed,Furniture,West,32,919.54,24422.98,0.17,32,Female
2022-02-03,Wheat,Food,East,11,3925.63,35841.0,0.17,49,Male
2023-08-10,Tablet,Electronics,East,35,4130.79,143131.87,0.01,64,Female
2023-07-14,Shoes,Clothing,North,48,4167.35,154025.26,0.23,37,Male
2023-04-06,Sugar,Food,North,29,4339.92,120823.37,0.04,33,Male
2023-08-26,Spices,Food,West,11,3119.14,26076.01,0.24,31,Male
2023-08-07,Spices,Food,East,39,2739.97,96172.95,0.1,63,Female
2022-10-24,Badminton,Sports,North,9,4817.58,32952.25,0.24,21,Female
2023-11-03,Jeans,Clothing,South,10,3585.83,26893.73,0.25,61,Female
2023-05-17,Dress,Clothing,East,41,2129.7,75093.22,0.14,58,Male
2023-02-17,Badminton,Sports,East,30,4756.24,128418.48,0.1,18,Male
2023-04-15,Rice,Food,West,14,4843.83,50860.21,0.25,49,Female
2022-11-27,Sugar,Food,South,37,4276.87,120265.58,0.24,61,Male
2022-02-17,Headphones,Electronics,North,8,4654.22,35372.07,0.05,47,Male
2023-03-15,Jeans,Clothing,East,11,4384.67,35691.21,0.26,23,Female
2022-09-14,Tablet,Electronics,South,4,2042.07,7433.13,0.09,62,Male
2023-03-16,Laptop,Electronics,North,14,2436.35,32744.54,0.04,32,Female
2022-01-10,Tablet,Electronics,North,28,3500.75,84298.06,0.14,32,Female
2022-04-02,Laptop,Electronics,East,24,4416.85,101764.22,0.04,26,Male
2022-03-12,Cycle,Sports,North,40,3285.1,114321.48,0.13,64,Male
2023-10-06,Shoes,Clothing,West,14,524.77,7126.38,0.03,25,Female
2022-12-26,Sofa,Furniture,South,16,1457.14,22614.81,0.03,53,Female
2023-12-09,Tablet,Electronics,South,34,3073.94,98243.12,0.06,43,Female
2023-10-24,Phone,Electronics,West,25,652.44,13864.35,0.15,56,Male
2023-06-25,Tablet,Electronics,East,9,1995.51,13469.69,0.25,44,Female
2023-07-14,Shoes,Clothing,North,2,2978.08,5956.16,0.0,31,Male
2022-03-03,Shelf,Furniture,East,41,3591.88,113395.65,0.23,45,Female
2022-03-26,Cycle,Sports,South,18,509.63,8989.87,0.02,31,Male
2023-07-04,Oil,Food,North,20,3523.51,54966.76,0.22,33,Male
2022-09-08,Headphones,Electronics,North,30,3100.25,91147.35,0.02,60,Male
2022-05-03,Phone,Electronics,North,11,2532.42,25070.96,0.1,51,Female
2022-06-20,Wheat,Food,East,47,4443.43,160807.73,0.23,19,Female
2023-03-16,Spices,Food,North,17,3590.38,50660.26,0.17,22,Female
2023-04-12,Badminton,Sports,North,32,4310.86,131050.14,0.05,28,Female
2022-04-16,Cricket Bat,Sports,South,48,2593.24,123230.76,0.01,18,Male
2022-02-17,Sofa,Furniture,West,10,976.91,6936.06,0.29,20,Female
2022-08-18,Wheat,Food,West,47,1667.68,58785.72,0.25,54,Female
2022-05-03,Cricket Bat,Sports,South,15,4041.26,43039.42,0.29,43,Male
2023-04-22,Sugar,Food,East,6,2810.15,16860.9,0.0,30,Female
2023-08-01,Spices,Food,South,30,1904.54,40566.7,0.29,30,Male
2022-06-04,Headphones,Electronics,North,15,2753.57,33455.88,0.19,62,Male
2022-12-10,Headphones,Electronics,East,7,1105.45,5494.09,0.29,44,Female
2022-03-03,Jacket,Clothing,North,3,4614.24,10105.19,0.27,51,Female
2023-12-19,Oil,Food,North,38,568.33,20732.68,0.04,43,Male
2023-08-30,Cricket Bat,Sports,West,43,4824.67,192938.55,0.07,34,Female
2023-02-07,Sugar,Food,West,18,1244.7,16131.31,0.28,26,Male
2022-06-09,Phone,Electronics,West,30,1638.76,47196.29,0.04,40,Male
2023-04-08,Oil,Food,East,8,543.06,3301.8,0.24,37,Male
2022-08-09,Wheat,Food,North,46,1316.27,53888.09,0.11,50,Male
2023-11-25,Sugar,Food,South,2,4765.27,7052.6,0.26,53,Male
2022-04-07,Chair,Furniture,South,8,158.59,951.54,0.25,32,Male
2022-07-22,Sofa,Furniture,North,38,2971.98,81313.37,0.28,22,Male
2022-03-08,Shoes,Clothing,South,6,4534.88,20406.96,0.25,39,Male
2022-02-13,Chair,Furniture,South,37,2222.47,64140.48,0.22,49,Male
2023-01-27,Table,Furniture,East,14,4550.69,58612.89,0.08,46,Male
2022-02-05,Cycle,Sports,South,42,1546.02,57140.9,0.12,53,Female
2022-03-04,Tablet,Electronics,West,9,2154.25,15704.48,0.19,51,Male
2023-10-08,Cricket Bat,Sports,West,46,1859.65,71856.88,0.16,49,Female
2023-08-03,Badminton,Sports,West,18,981.1,15893.82,0.1,32,Male
2022-10-15,Headphones,Electronics,East,50,2961.55,137712.07,0.07,28,Male
2022-09-11,Jacket,Clothing,North,49,4982.32,227044.32,0.07,42,Female
2022-06-27,Jeans,Clothing,East,48,3518.37,123283.68,0.27,19,Female
2023-08-05,Football,Sports,South,32,2756.41,83794.86,0.05,20,Male
2022-02-27,Dress,Clothing,South,2,2679.6,5359.2,0.0,57,Male
2022-05-14,Wheat,Food,East,4,207.37,680.17,0.18,27,Male
2023-06-23,Rice,Food,East,46,4715.42,190880.2,0.12,24,Female
2022-11-06,Wheat,Food,South,47,4748.6,169619.99,0.24,49,Female
2022-06-28,Cycle,Sports,East,15,3361.11,38316.65,0.24,42,Female
2023-12-07,Wheat,Food,South,47,108.81,4040.12,0.21,54,Female
2023-08-05,Phone,Electronics,East,40,1182.39,39255.35,0.17,49,Male
2022-12-06,Phone,Electronics,East,21,922.65,14144.22,0.27,23,Female
2023-04-03,Tablet,Electronics,South,16,3496.56,49791.01,0.11,24,Male
2022-02-19,Bed,Furniture,West,11,4434.3,41460.71,0.15,42,Female
2023-07-14,Chair,Furniture,West,37,3289.75,96159.39,0.21,28,Female
2022-03-17,Tablet,Electronics,North,21,1379.53,28101.03,0.03,39,Male
2023-01-20,T-Shirt,Clothing,North,22,3010.75,54313.93,0.18,48,Male
2023-03-18,Dress,Clothing,West,11,362.42,3587.96,0.1,30,Female
2023-12-15,Cycle,Sports,East,43,1479.46,59163.61,0.07,21,Female
2023-08-09,Gym Kit,Sports,South,4,1868.06,6500.85,0.13,36,Female
2022-07-24,Laptop,Electronics,South,11,3227.13,25203.89,0.29,48,Male
2022-11-12,Bed,Furniture,West,43,1398.52,48710.45,0.19,42,Male
2023-01-15,Sofa,Furniture,South,29,318.62,8038.78,0.13,34,Male
2022-10-03,Cricket Bat,Sports,South,49,3512.71,166959.11,0.03,60,Female
2023-07-09,Shelf,Furniture,South,36,398.82,12634.62,0.12,51,Female
2023-07-03,Shelf,Furniture,South,31,1564.38,42676.29,0.12,63,Male
2023-05-30,Cycle,Sports,South,8,4751.35,33069.4,0.13,28,Male
2022-07-17,T-Shirt,Clothing,West,6,4942.57,25800.22,0.13,58,Male
2023-09-02,Sugar,Food,North,6,2001.69,10568.92,0.12,38,Female
2023-06-17,Chair,Furniture,West,8,2130.77,16364.31,0.04,55,Male
2022-04-19,Cricket Bat,Sports,East,35,4412.67,114288.15,0.26,34,Female
2023-11-02,Shelf,Furniture,West,3,943.78,2491.58,0.12,57,Female
2022-02-09,Sofa,Furniture,South,4,3754.17,10812.01,0.28,41,Male
2022-12-12,Sugar,Food,East,32,4305.35,108839.25,0.21,32,Male
2022-11-04,Sofa,Furniture,East,47,2142.19,81553.17,0.19,30,Female
2022-08-05,Bed,Furniture,East,4,2624.82,9974.32,0.05,37,Female
2022-05-19,Cycle,Sports,North,12,1044.54,9400.86,0.25,21,Male
2022-02-03,Chair,Furniture,East,46,1075.64,44036.7,0.11,47,Female
2023-10-13,Laptop,Electronics,South,24,2495.06,52096.85,0.13,48,Female
2022-12-19,Jacket,Clothing,North,19,234.51,4411.13,0.01,54,Male
2022-08-15,Jeans,Clothing,East,42,2106.59,87592.01,0.01,61,Male
2023-05-01,Jeans,Clothing,North,15,1336.71,15238.49,0.24,37,Female
2023-03-10,Sofa,Furniture,West,17,1169.22,18087.83,0.09,51,Female
2023-08-22,Laptop,Electronics,East,36,3271.98,96588.85,0.18,37,Male
2023-05-09,Tablet,Electronics,East,41,1693.17,63866.37,0.08,59,Female
2022-07-12,Dress,Clothing,South,4,4046.61,12301.69,0.24,56,Female
2023-11-08,Wheat,Food,North,42,2537.13,96969.11,0.09,44,Female
2023-02-02,Camera,Electronics,South,22,3660.09,74885.44,0.07,52,Female
2023-11-19,Spices,Food,East,11,4219.13,34343.72,0.26,29,Female
2022-04-10,Table,Furniture,East,47,4060.88,146963.25,0.23,29,Female
2023-11-02,Phone,Electronics,East,15,3746.63,51141.5,0.09,39,Female
2022-09-24,Badminton,Sports,West,8,2405.63,14241.33,0.26,55,Male
2023-04-29,Dress,Clothing,North,44,1970.18,78886.01,0.09,21,Male
2022-05-21,Jacket,Clothing,West,37,4474.94,115900.95,0.3,27,Female
2022-07-04,Headphones,Electronics,East,41,4934.54,184107.69,0.09,21,Male
2023-04-08,Wheat,Food,South,37,3845.97,120955.76,0.15,23,Male
2023-09-22,Bed,Furniture,West,28,4830.11,120366.34,0.11,20,Male
2023-01-18,Tablet,Electronics,South,2,3416.07,5534.03,0.19,33,Male
2023-12-12,Sugar,Food,South,7,1979.4,11361.76,0.18,28,Male
2022-02-16,Sugar,Food,West,47,2649.41,104598.71,0.16,45,Male
2022-12-17,Sofa,Furniture,South,11,4745.61,37585.23,0.28,43,Male
2022-08-22,Jeans,Clothing,South,47,207.38,8284.83,0.15,25,Female
2023-12-30,Headphones,Electronics,East,50,2720.19,134649.4,0.01,21,Male
2023-11-01,Laptop,Electronics,North,27,2277.14,59023.47,0.04,34,Female
2023-12-20,Jeans,Clothing,North,20,2162.27,41948.04,0.03,51,Female
2023-09-30,Football,Sports,West,7,2606.77,14780.39,0.19,36,Male
2022-04-19,Table,Furniture,South,50,1388.67,58324.14,0.16,30,Female
2023-12-22,Sofa,Furniture,South,3,2785.88,6101.08,0.27,62,Female
2022-12-05,T-Shirt,Clothing,North,43,536.11,22361.15,0.03,54,Female
2022-06-02,Camera,Electronics,North,47,3645.52,125077.79,0.27,59,Male
2023-04-13,Sugar,Food,West,4,589.06,2238.43,0.05,20,Female
2023-01-04,Oil,Food,North,7,4271.1,21825.32,0.27,18,Male
2023-11-11,Jacket,Clothing,East,29,4779.94,127528.8,0.08,64,Male
2023-01-17,Wheat,Food,North,26,2061.23,46089.1,0.14,42,Female
2023-03-08,T-Shirt,Clothing,South,45,3659.41,116918.15,0.29,28,Male
2023-03-03,Gym Kit,Sports,West,12,3095.48,28602.24,0.23,57,Male
2023-12-02,Shoes,Clothing,West,8,4449.21,30966.5,0.13,22,Female
2023-11-02,Rice,Food,South,43,4378.4,158147.81,0.16,62,Male
2023-03-20,Shoes,Clothing,East,43,3413.85,129180.08,0.12,53,Male
2022-01-12,Dress,Clothing,West,32,4360.14,136733.99,0.02,49,Female
2022-09-04,Sugar,Food,North,33,1191.26,31842.38,0.19,43,Male
2022-03-22,Bed,Furniture,West,6,4297.29,22431.85,0.13,25,Female
2023-11-01,Laptop,Electronics,West,27,275.58,6250.15,0.16,23,Female
2023-06-05,Football,Sports,West,22,1880.38,40540.99,0.02,32,Female
2022-12-06,Cycle,Sports,West,46,3320.12,120653.16,0.21,25,Male
2023-11-06,T-Shirt,Clothing,East,23,4166.43,68037.8,0.29,36,Female
2023-12-20,Laptop,Electronics,South,32,788.2,19673.47,0.22,64,Female
2022-04-20,Spices,Food,South,13,691.65,6653.67,0.26,31,Female
2022-07-15,Rice,Food,West,3,4640.47,10441.06,0.25,55,Male
2023-04-07,Shelf,Furniture,South,32,121.25,3026.4,0.22,53,Female
2023-08-23,Shelf,Furniture,South,45,2934.92,103015.69,0.22,26,Male
2023-02-01,Cycle,Sports,East,33,4418.81,126864.04,0.13,56,Male
2022-10-08,Sofa,Furniture,East,29,4043.5,112571.04,0.04,56,Female
2023-12-20,Badminton,Sports,South,13,1127.59,11580.35,0.21,61,Female
2023-11-20,Jeans,Clothing,East,46,665.49,27245.16,0.11,48,Female
2023-11-22,Badminton,Sports,West,1,2661.38,2634.77,0.01,27,Male
2023-11-18,Phone,Electronics,East,49,3949.11,135454.47,0.3,61,Female
2022-05-30,Tablet,Electronics,South,49,2751.74,120003.38,0.11,46,Male
2023-09-23,Football,Sports,West,16,2603.52,31658.8,0.24,62,Female
2023-12-11,Headphones,Electronics,West,27,4787.84,91782.89,0.29,38,Male
2022-01-14,Wheat,Food,West,15,4566.28,54110.42,0.21,59,Female
2023-08-26,Cycle,Sports,South,50,3652.08,171647.76,0.06,46,Male
2023-12-01,Phone,Electronics,South,48,2617.85,111834.55,0.11,45,Female
2023-07-24,Wheat,Food,South,38,4245.47,161327.86,0.0,47,Male
2022-02-10,Jacket,Clothing,North,50,4668.67,191415.47,0.18,60,Female
2023-05-18,Cycle,Sports,East,5,3941.75,17737.88,0.1,32,Male
2023-06-18,Camera,Electronics,South,27,2761.09,65603.5,0.12,40,Male
2022-08-07,Sugar,Food,East,19,1170.38,17122.66,0.23,51,Female
2023-07-29,Laptop,Electronics,East,29,1277.7,30013.17,0.19,57,Male
2022-02-10,Oil,Food,North,25,1357.29,26467.16,0.22,19,Female
2023-06-11,Gym Kit,Sports,West,3,1552.53,3726.07,0.2,38,Male
2022-04-09,Dress,Clothing,North,41,420.81,13802.57,0.2,31,Female
2022-04-17,Dress,Clothing,West,42,4102.1,168842.44,0.02,61,Male
2022-01-25,Sofa,Furniture,North,6,458.92,2615.84,0.05,34,Male
2023-08-12,Jacket,Clothing,West,25,2310.52,50831.44,0.12,38,Male
2023-02-03,Camera,Electronics,North,42,3629.4,149386.1,0.02,65,Male
2023-12-19,Tablet,Electronics,North,19,3955.77,68395.26,0.09,23,Female
2023-03-25,Bed,Furniture,North,31,865.99,24966.49,0.07,65,Female
2023-07-13,Wheat,Food,East,44,4446.19,138898.98,0.29,64,Female
2022-01-12,Cycle,Sports,South,8,304.69,2023.14,0.17,43,Male
2022-11-09,Jacket,Clothing,South,27,4537.58,90660.85,0.26,27,Male
2022-07-08,Dress,Clothing,East,13,661.65,6881.16,0.2,54,Male
2023-07-17,Shelf,Furniture,North,19,3391.26,59279.22,0.08,30,Female
2022-12-05,Wheat,Food,South,7,1497.17,10270.59,0.02,30,Female
2023-05-13,Sofa,Furniture,East,45,2962.43,110646.76,0.17,41,Female
2023-03-15,T-Shirt,Clothing,East,16,3949.73,49924.59,0.21,59,Female
2022-10-11,Wheat,Food,East,31,2367.96,65332.02,0.11,37,Female
2023-07-19,Phone,Electronics,North,18,4307.7,74437.06,0.04,52,Male
2022-09-27,Laptop,Electronics,North,33,3194.97,80129.85,0.24,55,Female
2023-08-28,T-Shirt,Clothing,East,35,4480.53,131727.58,0.16,59,Male
2023-01-10,Table,Furniture,East,9,2377.04,18184.36,0.15,43,Female
2023-05-30,Phone,Electronics,South,49,2619.27,111659.48,0.13,29,Male
2023-05-11,Rice,Food,South,49,2489.45,119543.39,0.02,41,Male
2022-02-13,Dress,Clothing,East,25,2401.4,51630.1,0.14,20,Male
2023-10-27,Rice,Food,East,48,1390.25,56054.88,0.16,29,Female
2023-11-01,Sofa,Furniture,North,34,1332.77,32173.07,0.29,32,Female
2022-12-28,Oil,Food,West,39,132.33,3819.04,0.26,46,Male
2022-08-24,Camera,Electronics,East,14,836.18,11121.19,0.05,56,Male
2023-11-08,Shoes,Clothing,East,47,655.36,24641.54,0.2,48,Male
2023-08-28,Shoes,Clothing,North,16,311.41,4135.52,0.17,28,Male
2023-10-07,Cricket Bat,Sports,South,4,915.07,2635.4,0.28,51,Female
2023-09-06,Cricket Bat,Sports,East,6,1161.31,5713.65,0.18,48,Female
2022-06-24,Shoes,Clothing,South,38,4120.22,148739.94,0.05,60,Female
2022-06-21,Oil,Food,North,15,1953.24,28126.66,0.04,19,Male
2023-06-20,Gym Kit,Sports,South,39,571.86,19180.18,0.14,57,Male
2023-06-29,Cricket Bat,Sports,North,31,3331.02,75380.98,0.27,52,Male
2023-11-26,Shelf,Furniture,West,24,4386.64,83170.69,0.21,45,Male
2023-05-09,Sofa,Furniture,North,28,756.03,18205.2,0.14,32,Male
2022-10-18,Cycle,Sports,West,17,1026.2,13781.87,0.21,18,Male
2023-06-17,Headphones,Electronics,South,45,4041.01,160024.0,0.12,24,Male
2023-03-13,Badminton,Sports,East,35,2175.45,67765.27,0.11,35,Female
2022-07-28,Shelf,Furniture,West,12,1914.04,19063.84,0.17,34,Female
2023-08-15,Oil,Food,South,43,683.52,27333.96,0.07,62,Male
2022-04-13,Dress,Clothing,West,22,4024.18,72596.21,0.18,61,Male
2022-06-14,Chair,Furniture,North,10,2411.18,19771.68,0.18,23,Male
2022-09-27,Jacket,Clothing,North,39,285.0,9781.2,0.12,43,Female
2023-12-30,Cricket Bat,Sports,South,41,2522.41,103418.81,0.0,60,Female
2022-07-19,Camera,Electronics,South,40,930.47,36846.61,0.01,33,Male
2022-06-11,Tablet,Electronics,West,23,3381.34,68438.32,0.12,30,Male
2023-12-22,Laptop,Electronics,East,47,4165.85,142930.31,0.27,40,Female
2022-10-11,Dress,Clothing,South,30,4655.6,115924.44,0.17,34,Male
2023-02-21,Cricket Bat,Sports,North,33,1541.83,36633.88,0.28,50,Female
2023-07-05,Badminton,Sports,West,25,2859.53,55045.95,0.23,39,Female
2023-11-29,Shelf,Furniture,North,31,669.71,20345.79,0.02,58,Male
2023-11-25,Jacket,Clothing,West,23,2630.87,60510.01,0.0,34,Male
2022-10-22,Headphones,Electronics,East,5,2817.3,13382.17,0.05,38,Female
2022-08-12,Badminton,Sports,South,48,3447.23,120790.94,0.27,49,Male
2022-08-29,Jacket,Clothing,South,15,1093.56,15255.16,0.07,57,Female
2022-06-09,Laptop,Electronics,North,44,4783.32,178896.17,0.15,18,Male
2023-05-09,Spices,Food,East,32,4500.79,106578.71,0.26,54,Female
2023-05-18,Dress,Clothing,East,26,1188.25,25642.43,0.17,21,Female
2023-05-05,Cricket Bat,Sports,East,26,4315.96,86405.52,0.23,47,Male
2023-12-17,Gym Kit,Sports,East,45,141.25,5085.0,0.2,42,Male
2022-11-30,Spices,Food,East,12,2787.96,31113.63,0.07,48,Female
2023-01-10,Shoes,Clothing,West,14,2153.56,23215.38,0.23,41,Female
2022-10-14,Table,Furniture,South,37,3461.46,97336.26,0.24,64,Female
2022-08-30,Gym Kit,Sports,West,13,814.63,7519.03,0.29,27,Female
2022-01-10,Shoes,Clothing,West,9,4978.25,33603.19,0.25,51,Female
2023-05-14,Sugar,Food,North,26,584.98,14449.01,0.05,31,Female
2023-05-03,Headphones,Electronics,East,17,1868.71,26367.5,0.17,34,Female
2022-01-21,Chair,Furniture,East,44,4819.27,199325.01,0.06,54,Male
2022-10-19,Sugar,Food,West,50,3708.98,135377.77,0.27,42,Female
2023-04-20,Jeans,Clothing,East,27,3193.24,71560.51,0.17,22,Male
2022-06-15,Wheat,Food,East,21,3299.76,54743.02,0.21,56,Female
2022-10-05,Sofa,Furniture,West,27,919.86,18378.8,0.26,26,Male
2023-11-09,Rice,Food,South,11,2045.52,21825.7,0.03,48,Male
2022-01-27,Shelf,Furniture,North,7,1386.02,9217.03,0.05,59,Female
2022-11-13,Jeans,Clothing,East,29,3169.76,88246.12,0.04,28,Male
2022-02-05,Sugar,Food,West,30,4877.41,122910.73,0.16,35,Female
2022-05-19,Football,Sports,West,41,3769.67,114371.79,0.26,45,Female
2022-12-22,Shelf,Furniture,South,6,2265.12,12095.74,0.11,34,Male
2022-11-07,Laptop,Electronics,South,23,1505.14,29079.3,0.16,62,Female
2023-05-04,Rice,Food,West,19,3025.32,43685.62,0.24,53,Female
2022-07-13,Shelf,Furniture,West,26,1324.49,27205.02,0.21,59,Female
2023-01-23,Jacket,Clothing,North,28,3164.08,75305.1,0.15,57,Female
2022-10-19,Badminton,Sports,West,13,4282.06,52883.44,0.05,36,Male
2023-10-15,Shelf,Furniture,West,18,3532.32,54044.5,0.15,38,Male
2022-06-05,Camera,Electronics,North,12,4864.43,53703.31,0.08,26,Female
2022-01-09,T-Shirt,Clothing,South,1,2518.54,2266.69,0.1,37,Female
2023-01-16,Chair,Furniture,East,6,4233.38,18034.2,0.29,21,Female
2023-02-06,Camera,Electronics,West,12,1041.74,9375.66,0.25,42,Male
2022-05-05,Shoes,Clothing,West,16,3714.33,58834.99,0.01,47,Male
2023-06-18,Shoes,Clothing,West,44,4809.95,152379.22,0.28,28,Male
2023-07-17,Cricket Bat,Sports,East,31,3228.75,94085.77,0.06,21,Male
2022-04-26,Shoes,Clothing,East,1,920.07,846.46,0.08,25,Female
2022-09-06,Laptop,Electronics,West,45,3021.44,121008.67,0.11,23,Male
2022-06-11,Chair,Furniture,East,49,3163.15,151894.46,0.02,59,Male
2023-12-20,Cricket Bat,Sports,South,32,1240.11,28175.3,0.29,59,Female
2023-03-26,T-Shirt,Clothing,West,23,3649.56,77224.69,0.08,20,Female
2023-12-25,Shelf,Furniture,East,35,3515.49,115659.62,0.06,29,Female
2022-11-28,Sofa,Furniture,South,5,2702.57,11756.18,0.13,34,Female
2023-04-10,Camera,Electronics,West,47,1009.12,46954.35,0.01,41,Male
2022-11-25,Camera,Electronics,West,13,2667.94,29480.74,0.15,53,Male
2023-09-20,Sugar,Food,West,42,1677.92,68358.46,0.03,60,Male
2022-02-14,Jeans,Clothing,North,13,624.57,7632.25,0.06,20,Female
2023-11-05,Shelf,Furniture,East,4,1895.13,6216.03,0.18,22,Male
2022-08-02,Chair,Furniture,West,41,397.43,13524.54,0.17,44,Female
2023-12-27,Camera,Electronics,East,34,299.2,9969.34,0.02,37,Male
2022-08-10,Cricket Bat,Sports,North,47,1231.99,50955.11,0.12,30,Male
2023-08-07,Dress,Clothing,West,48,617.02,23989.74,0.19,40,Female
2023-12-21,Chair,Furniture,South,12,2794.83,28507.27,0.15,60,Male
2023-07-01,Gym Kit,Sports,East,21,2795.4,41092.38,0.3,41,Female
2023-10-11,Sofa,Furniture,South,37,2773.57,91333.66,0.11,53,Female
2023-01-04,Bed,Furniture,West,1,3658.94,2597.85,0.29,56,Male
2023-06-15,Jacket,Clothing,North,20,4923.53,92562.36,0.06,38,Male
2023-12-08,Spices,Food,South,7,284.91,1774.99,0.11,26,Female
2023-01-11,Football,Sports,South,17,4074.26,67184.55,0.03,43,Male
2022-03-21,Oil,Food,South,32,4145.96,104809.87,0.21,54,Male
2023-09-02,Rice,Food,West,6,3922.6,16945.63,0.28,39,Female
2023-03-21,Chair,Furniture,South,48,3298.62,129833.68,0.18,18,Female
2022-02-25,Spices,Food,North,21,2745.66,55352.51,0.04,50,Male
2022-06-06,Headphones,Electronics,West,49,3016.15,125622.65,0.15,32,Female
2022-10-24,Table,Furniture,South,22,504.47,9211.62,0.17,21,Female
2022-09-26,Headphones,Electronics,West,50,3519.57,135503.45,0.23,48,Male
2023-05-15,Shelf,Furniture,South,36,3118.38,87564.11,0.22,33,Male
2022-03-15,Oil,Food,East,44,4628.28,197534.99,0.03,60,Female
2023-03-10,Sugar,Food,South,21,1788.17,30041.26,0.2,37,Male
2022-12-25,Gym Kit,Sports,South,29,319.9,6957.82,0.25,30,Female
2022-06-09,Laptop,Electronics,North,16,4749.81,54717.81,0.28,36,Male
2022-12-18,Tablet,Electronics,West,31,211.47,6162.24,0.06,52,Male
2022-07-28,Cycle,Sports,East,36,2466.83,69268.59,0.22,27,Male
2023-01-21,Cycle,Sports,North,17,934.57,14457.8,0.09,62,Female
2022-02-24,Chair,Furniture,North,25,3335.83,66716.6,0.2,60,Female
2022-04-21,Tablet,Electronics,West,15,4900.98,62487.49,0.15,63,Male
2022-11-20,Shelf,Furniture,North,12,1074.49,9154.65,0.29,53,Male
2022-02-10,Dress,Clothing,East,22,2500.67,42911.5,0.22,19,Female
2023-12-02,Sugar,Food,East,16,4980.37,56577.0,0.29,35,Male
2023-10-03,Oil,Food,North,36,4750.67,159052.43,0.07,39,Female
2023-11-04,T-Shirt,Clothing,West,34,4806.97,134018.32,0.18,58,Male
2023-03-04,Dress,Clothing,South,28,4855.63,99249.08,0.27,39,Female
2023-07-10,Jeans,Clothing,South,38,2752.63,79495.95,0.24,26,Female
2023-12-07,Football,Sports,West,50,811.25,29205.0,0.28,28,Female
2022-03-11,Cycle,Sports,North,12,1656.23,14707.32,0.26,64,Male
2022-11-23,Bed,Furniture,East,29,3753.49,81638.41,0.25,58,Female
2022-06-05,T-Shirt,Clothing,South,12,228.37,1918.31,0.3,57,Female
2023-09-13,Cycle,Sports,South,39,1237.69,38133.23,0.21,40,Male
2023-12-06,Table,Furniture,West,46,3282.89,141952.16,0.06,42,Female
2023-05-01,Jeans,Clothing,South,15,257.92,2978.98,0.23,18,Female
2023-02-27,Jeans,Clothing,South,5,967.68,3435.26,0.29,46,Female
2023-12-06,Oil,Food,South,28,2083.85,57764.32,0.01,65,Female
2022-11-17,Shelf,Furniture,North,34,635.65,18586.41,0.14,20,Male
2023-06-16,Gym Kit,Sports,North,36,1998.25,55391.49,0.23,21,Male
2022-10-26,Bed,Furniture,East,50,4155.34,178679.62,0.14,45,Female
2023-09-20,Camera,Electronics,South,30,4166.48,107495.18,0.14,64,Male
2022-07-04,Cycle,Sports,South,26,2126.44,47547.2,0.14,29,Female
2023-08-28,Shoes,Clothing,North,17,1687.97,23243.35,0.19,63,Male
2022-05-07,Laptop,Electronics,West,41,1878.42,64692.78,0.16,42,Male
2023-01-23,Gym Kit,Sports,North,50,937.34,42180.3,0.1,60,Male
2022-06-16,Jeans,Clothing,North,27,1609.5,33896.07,0.22,46,Female
2023-10-04,T-Shirt,Clothing,South,13,117.31,1174.27,0.23,18,Female
2023-05-25,Shelf,Furniture,North,39,4425.24,160503.45,0.07,55,Female
2023-04-10,Bed,Furniture,North,39,3040.5,110278.93,0.07,53,Female
2023-09-27,Football,Sports,North,12,826.46,7934.02,0.2,20,Male
2022-02-03,Cycle,Sports,East,22,4609.89,100403.4,0.01,44,Male
2022-06-15,Spices,Food,South,30,3771.74,100705.46,0.11,20,Male
2022-11-03,Sugar,Food,West,5,3816.37,14311.39,0.25,22,Female
2023-04-28,T-Shirt,Clothing,East,22,2682.56,49573.71,0.16,62,Male
2023-09-19,Laptop,Electronics,North,31,3647.96,92731.14,0.18,63,Female
2023-03-14,Badminton,Sports,East,34,2918.2,80367.23,0.19,26,Female
2023-06-17,Bed,Furniture,South,40,1240.34,45148.38,0.09,30,Male
2022-05-02,Headphones,Electronics,North,48,4255.54,155242.1,0.24,44,Female
2022-02-16,Sugar,Food,South,1,3239.03,2558.83,0.21,34,Male
2022-11-12,Spices,Food,East,50,130.04,5136.58,0.21,39,Female
2023-08-06,Cricket Bat,Sports,South,13,1719.52,20118.38,0.1,61,Female
2023-05-01,Phone,Electronics,West,10,3173.28,23164.94,0.27,52,Female
2023-04-19,Chair,Furniture,East,37,3652.32,122973.61,0.09,52,Male
2022-08-02,Badminton,Sports,East,5,4851.11,22315.11,0.08,19,Female
2023-01-20,Football,Sports,West,12,3016.44,26785.99,0.26,37,Female
2023-12-28,Tablet,Electronics,West,6,2535.57,14148.48,0.07,46,Female
2022-08-10,Badminton,Sports,South,8,1933.66,15314.59,0.01,30,Male
2023-03-31,Cricket Bat,Sports,West,33,854.98,25392.91,0.1,48,Female
2022-12-02,T-Shirt,Clothing,South,14,3650.4,43950.82,0.14,63,Male
2022-01-05,Rice,Food,North,22,2387.69,52003.89,0.01,51,Female
2022-01-24,Badminton,Sports,South,21,1082.72,20690.78,0.09,52,Female
2023-03-28,Tablet,Electronics,South,11,1440.82,15849.02,0.0,57,Male
2022-07-31,Badminton,Sports,East,18,793.63,11285.42,0.21,36,Male
2022-06-25,Tablet,Electronics,East,35,2273.87,76402.03,0.04,48,Male
2022-04-19,Chair,Furniture,North,28,2020.39,44691.03,0.21,55,Female
2023-09-24,Sugar,Food,East,13,3593.2,37369.28,0.2,52,Male
2023-04-22,Football,Sports,North,45,2394.55,92669.09,0.14,61,Female
2023-04-27,Jeans,Clothing,South,40,1364.46,48574.78,0.11,29,Female
2022-11-29,Bed,Furniture,North,5,2429.14,10809.67,0.11,47,Male
2022-10-17,Spices,Food,South,33,604.37,14958.16,0.25,24,Female
2023-07-24,Tablet,Electronics,West,26,2993.63,72385.97,0.07,33,Male
2023-05-09,Chair,Furniture,East,14,4088.19,46932.42,0.18,45,Female
2023-07-12,Jeans,Clothing,North,48,4661.23,185703.4,0.17,49,Male
2023-08-30,Gym Kit,Sports,East,36,578.5,18118.62,0.13,37,Female
2022-03-13,Cricket Bat,Sports,West,21,2522.05,42370.44,0.2,23,Male
2022-05-23,Cricket Bat,Sports,South,43,831.16,30021.5,0.16,42,Female
2022-07-20,Jacket,Clothing,East,37,3992.3,118172.08,0.2,45,Female
2022-04-02,Cricket Bat,Sports,West,9,4277.28,37725.61,0.02,53,Male
2022-01-01,Badminton,Sports,North,19,4341.83,76720.14,0.07,62,Female
2023-10-03,Oil,Food,West,25,2232.43,52462.1,0.06,29,Female
2022-05-23,Dress,Clothing,West,24,4215.82,96120.7,0.05,60,Male
2022-05-18,Laptop,Electronics,North,10,3634.56,30893.76,0.15,45,Male
2022-03-28,Shoes,Clothing,West,45,3061.7,119865.55,0.13,29,Female
2023-06-06,Shelf,Furniture,West,25,1841.01,43263.74,0.06,56,Male
2023-08-15,Table,Furniture,East,27,4640.17,103986.21,0.17,20,Male
2023-08-05,Sofa,Furniture,North,38,2459.51,73834.49,0.21,27,Female
2023-04-22,Cricket Bat,Sports,North,16,2415.01,30139.32,0.22,60,Male
2023-12-02,Cycle,Sports,East,40,358.59,12909.24,0.1,18,Female
2023-04-10,Gym Kit,Sports,East,27,1829.28,35067.3,0.29,36,Female
2022-06-21,Camera,Electronics,East,47,3946.61,170651.42,0.08,58,Female
2023-08-16,Dress,Clothing,North,43,4952.79,161857.18,0.24,57,Male
2022-10-21,Chair,Furniture,South,33,476.63,11953.88,0.24,34,Male
2023-09-23,Sugar,Food,East,1,3733.0,3061.06,0.18,55,Male
2023-11-06,Sofa,Furniture,South,17,3934.39,62202.71,0.07,29,Male
2022-12-18,Phone,Electronics,South,32,3788.53,106685.0,0.12,42,Male
2023-11-08,Table,Furniture,South,37,3698.37,123155.72,0.1,59,Female
2022-04-29,Phone,Electronics,West,26,2433.54,54413.95,0.14,52,Male
2023-01-24,Bed,Furniture,East,10,2699.17,23482.78,0.13,36,Female
2023-01-27,Spices,Food,North,7,4596.79,26063.8,0.19,45,Female
2022-12-10,Sugar,Food,North,17,3306.28,49461.95,0.12,61,Male
2023-11-20,Football,Sports,East,44,3482.36,145562.65,0.05,53,Male
2023-11-20,Laptop,Electronics,North,27,578.72,15156.68,0.03,46,Female
2022-08-13,Sugar,Food,South,3,216.13,628.94,0.03,56,Male
2023-09-06,Laptop,Electronics,North,39,736.55,22980.36,0.2,59,Male
2022-04-24,Jacket,Clothing,East,30,3336.34,98088.4,0.02,47,Female
2023-03-14,Sugar,Food,South,50,462.59,17809.72,0.23,42,Female
2022-12-07,Tablet,Electronics,East,12,2258.82,23039.96,0.15,30,Female
2022-07-02,Chair,Furniture,South,35,3866.67,125860.11,0.07,59,Male
2023-03-29,Rice,Food,North,5,445.02,1735.58,0.22,46,Male
2023-05-25,T-Shirt,Clothing,North,43,2013.37,82246.16,0.05,39,Female
2023-08-12,Camera,Electronics,West,31,2236.68,52002.81,0.25,22,Male
2022-01-04,Bed,Furniture,North,37,2722.99,70525.44,0.3,39,Female
2023-02-15,Laptop,Electronics,East,35,4281.38,134863.47,0.1,47,Female
2023-10-26,Jeans,Clothing,North,25,3337.6,75930.4,0.09,42,Male
2023-10-08,Oil,Food,North,41,2246.12,86565.46,0.06,20,Male
2022-01-26,Football,Sports,West,25,408.66,8581.86,0.16,37,Female
2023-07-01,Chair,Furniture,North,22,374.67,6264.48,0.24,20,Female
2022-05-02,Dress,Clothing,West,44,4363.98,161292.7,0.16,65,Male
2022-03-15,Phone,Electronics,West,42,193.41,5929.95,0.27,57,Male
2022-09-06,T-Shirt,Clothing,South,41,344.79,12864.11,0.09,24,Female
2023-09-18,Dress,Clothing,North,7,659.48,3785.42,0.18,57,Male
2022-03-06,Shoes,Clothing,East,48,3424.15,147923.28,0.1,61,Male
2022-11-26,T-Shirt,Clothing,South,22,409.79,8294.15,0.08,44,Male
2023-12-15,Spices,Food,South,29,1293.86,31143.21,0.17,26,Male
2023-10-10,Gym Kit,Sports,South,2,4410.17,8643.93,0.02,18,Male
2022-04-02,Badminton,Sports,West,45,4056.32,140551.49,0.23,62,Male
2022-07-31,Jacket,Clothing,West,27,1272.34,32635.52,0.05,62,Male
2023-09-03,Shoes,Clothing,North,41,4149.77,154827.92,0.09,44,Male
2023-07-26,Jeans,Clothing,North,34,4886.28,134568.15,0.19,52,Male
2023-04-21,Jacket,Clothing,North,13,652.13,8138.58,0.04,48,Female
2022-06-30,T-Shirt,Clothing,North,42,1884.55,74402.03,0.06,34,Female
2023-09-24,Chair,Furniture,North,48,357.04,14395.85,0.16,28,Male
2023-05-12,Cricket Bat,Sports,North,16,3634.88,47689.63,0.18,38,Female
2022-07-23,Wheat,Food,North,21,1216.13,23751.02,0.07,44,Male
2023-01-20,T-Shirt,Clothing,West,38,2473.6,68617.66,0.27,27,Male
2023-09-17,Table,Furniture,West,24,768.38,14384.07,0.22,58,Female
2022-10-04,Jacket,Clothing,South,3,3491.83,10265.98,0.02,26,Male
2023-04-22,Bed,Furniture,South,49,1783.52,63796.51,0.27,56,Male
2023-10-16,Football,Sports,South,6,2117.31,10671.24,0.16,31,Female
2023-04-19,Rice,Food,West,48,4375.73,195332.59,0.07,45,Male
2023-08-29,Dress,Clothing,North,27,4902.9,131054.52,0.01,48,Male
2023-03-12,Gym Kit,Sports,West,45,4124.33,159611.57,0.14,33,Male
2023-07-26,Headphones,Electronics,South,9,1856.19,15536.31,0.07,23,Male
2023-05-07,Wheat,Food,West,37,3761.7,137791.07,0.01,47,Female
2022-05-22,Table,Furniture,East,41,2375.05,78875.41,0.19,58,Male
2023-01-30,Spices,Food,North,19,2186.92,38227.36,0.08,57,Male
2023-12-03,Camera,Electronics,East,48,4667.99,190453.99,0.15,61,Female
2022-02-22,Headphones,Electronics,East,30,3133.75,83671.12,0.11,29,Male
2023-07-29,Jeans,Clothing,East,16,2744.21,35564.96,0.19,65,Male
2022-08-19,Sugar,Food,East,33,3433.11,104229.22,0.08,22,Female
2022-12-20,Bed,Furniture,North,31,3578.14,88737.87,0.2,52,Female
2023-04-08,Badminton,Sports,North,13,4470.33,49978.29,0.14,23,Female
2022-07-03,Rice,Food,North,11,1452.12,12618.92,0.21,49,Male
2022-07-29,Cricket Bat,Sports,East,27,4850.92,110018.87,0.16,26,Female
2022-12-22,Bed,Furniture,North,19,1026.4,19306.58,0.01,32,Female
2023-02-26,Badminton,Sports,East,32,3007.45,76028.34,0.21,53,Female
2023-04-14,Spices,Food,South,20,941.51,17323.78,0.08,48,Female
2022-10-23,Phone,Electronics,East,19,2334.04,42129.42,0.05,28,Female
2022-07-06,Jeans,Clothing,South,16,672.89,7536.37,0.3,54,Male
2023-03-28,Sugar,Food,South,14,2856.19,39586.79,0.01,38,Female
2022-06-01,Oil,Food,South,35,1577.64,39756.53,0.28,43,Female
2022-05-29,Sofa,Furniture,South,1,4853.74,4077.14,0.16,50,Female
2023-10-25,Oil,Food,East,49,4905.38,199501.8,0.17,27,Female
2022-12-13,Headphones,Electronics,North,9,3422.24,29568.15,0.04,19,Female
2023-09-25,Shoes,Clothing,East,6,1699.2,8360.06,0.18,30,Male
2022-10-12,T-Shirt,Clothing,North,35,4262.31,119344.68,0.2,23,Female
2022-07-19,Sofa,Furniture,North,43,1869.22,77161.4,0.04,45,Female
2023-01-31,Rice,Food,East,23,1821.64,29747.38,0.29,53,Male
2022-08-09,Bed,Furniture,West,19,902.57,13376.09,0.22,45,Female
2022-05-23,Cycle,Sports,North,10,1118.14,9616.0,0.14,51,Female
2022-03-09,Gym Kit,Sports,North,1,2106.36,1537.64,0.27,44,Male
2023-07-24,Shelf,Furniture,South,13,1011.43,11702.25,0.11,53,Female
2022-02-13,Spices,Food,East,32,2840.48,78170.01,0.14,19,Male
2022-06-07,Sugar,Food,West,8,3303.68,19293.49,0.27,44,Male
2023-05-19,T-Shirt,Clothing,North,49,1458.36,50021.75,0.3,22,Female
2023-08-19,Shelf,Furniture,West,17,3177.18,46450.37,0.14,62,Male
2023-01-18,Cycle,Sports,North,17,897.95,14959.85,0.02,38,Female
2023-12-11,Jacket,Clothing,South,4,1436.08,4997.56,0.13,40,Male
2022-10-24,Spices,Food,North,33,1049.69,28058.21,0.19,24,Male
2023-07-11,Sugar,Food,East,18,3458.67,49182.29,0.21,24,Female
2022-05-28,Phone,Electronics,East,24,3916.16,82709.3,0.12,28,Male
2022-08-12,Dress,Clothing,South,13,3996.02,43117.06,0.17,62,Male
2023-03-04,Chair,Furniture,North,9,4624.71,35795.26,0.14,37,Female
2022-05-23,Shelf,Furniture,East,12,3578.48,42512.34,0.01,25,Male
2022-05-12,Jeans,Clothing,East,9,1128.22,7209.33,0.29,45,Male
2022-03-21,Headphones,Electronics,West,3,1062.12,3154.5,0.01,60,Male
2023-04-26,Tablet,Electronics,North,5,1578.06,7890.3,0.0,24,Male
2023-09-09,Dress,Clothing,South,12,3385.94,40224.97,0.01,27,Female
2023-08-17,Sugar,Food,South,33,3925.93,106235.67,0.18,50,Male
2022-04-12,Cricket Bat,Sports,South,46,1038.58,43952.71,0.08,52,Male
2022-04-12,Dress,Clothing,West,24,3520.85,79430.38,0.06,61,Male
2022-07-05,Oil,Food,West,14,2619.83,32276.31,0.12,38,Male
2023-04-23,Camera,Electronics,South,32,3835.14,96952.34,0.21,53,Male
2022-03-26,Oil,Food,North,25,1489.7,30538.85,0.18,37,Female
2022-08-20,Gym Kit,Sports,East,28,1025.05,28127.37,0.02,48,Female
2022-07-03,Headphones,Electronics,North,26,2246.49,46726.99,0.2,23,Male
2022-05-27,Bed,Furniture,North,48,4633.92,157923.99,0.29,22,Female
2022-07-23,Wheat,Food,West,8,1241.06,8637.78,0.13,49,Female
2024-01-01,Cycle,Sports,East,49,3968.51,157510.16,0.19,43,Female
2023-05-03,Gym Kit,Sports,West,33,1466.56,37265.29,0.23,24,Male
2022-09-14,Bed,Furniture,South,41,4717.77,191494.28,0.01,65,Male
2022-03-11,Chair,Furniture,South,25,3062.46,68905.35,0.1,37,Male
2022-03-20,Gym Kit,Sports,West,13,1538.46,16999.98,0.15,50,Female
2023-07-10,Spices,Food,North,49,254.83,10863.4,0.13,25,Female
2023-04-06,Oil,Food,West,30,276.31,7874.83,0.05,60,Female
2023-12-25,Shoes,Clothing,West,9,1631.05,12917.92,0.12,25,Female
2023-11-07,Cycle,Sports,West,31,2855.05,84081.22,0.05,21,Female
2022-09-27,Shelf,Furniture,West,40,3414.79,105175.53,0.23,36,Female
2022-03-04,Camera,Electronics,North,9,4200.98,34027.94,0.1,65,Male
2023-10-03,Oil,Food,North,28,1791.2,44636.7,0.11,40,Male
2023-11-09,Jeans,Clothing,South,42,1629.29,66377.27,0.03,62,Male
2022-11-09,Tablet,Electronics,South,2,2738.24,5421.72,0.01,60,Female
2023-08-05,Gym Kit,Sports,East,2,3510.2,5756.73,0.18,38,Female
2023-08-08,Sofa,Furniture,North,32,590.28,15111.17,0.2,39,Female
2023-05-30,Wheat,Food,East,24,4850.2,109420.51,0.06,58,Male
2023-07-03,Jacket,Clothing,East,4,1556.87,5168.81,0.17,32,Male
2023-08-16,Camera,Electronics,East,18,429.62,5877.2,0.24,48,Female
2022-08-03,Rice,Food,East,33,4040.22,115994.72,0.13,52,Female
2022-07-24,Bed,Furniture,East,40,2625.31,84009.92,0.2,53,Male
2022-01-20,Football,Sports,West,14,3337.95,35048.47,0.25,47,Female
2023-10-16,Cycle,Sports,West,37,3660.41,132726.47,0.02,30,Female
2023-04-19,Jeans,Clothing,South,48,3458.0,151045.44,0.09,45,Female
2022-11-23,Phone,Electronics,West,18,4136.18,60305.5,0.19,34,Male
2023-02-20,T-Shirt,Clothing,South,13,235.75,2329.21,0.24,37,Female
2023-05-13,Gym Kit,Sports,West,42,4537.71,179148.79,0.06,35,Male
2022-01-30,Sugar,Food,South,42,4277.35,127550.58,0.29,49,Male
2022-02-26,Tablet,Electronics,East,5,4512.82,19856.41,0.12,41,Male
2023-02-11,Jeans,Clothing,North,37,3698.95,98540.03,0.28,51,Female
2023-05-24,Phone,Electronics,North,50,4052.77,182374.65,0.1,55,Female
2022-08-30,Table,Furniture,South,7,958.26,4762.55,0.29,46,Female
2022-09-18,Cricket Bat,Sports,West,35,1936.05,48788.46,0.28,38,Female
2023-05-02,Jacket,Clothing,South,24,2428.59,51874.68,0.11,37,Male
2023-10-23,Cricket Bat,Sports,North,45,4595.54,165439.44,0.2,34,Female
2022-11-13,Rice,Food,South,29,2003.51,42414.31,0.27,43,Female
2022-11-05,Phone,Electronics,East,14,4311.14,57338.16,0.05,46,Female
2023-10-22,Chair,Furniture,East,6,4133.67,17857.45,0.28,48,Female
2022-12-07,Chair,Furniture,South,45,1378.75,60802.88,0.02,44,Female
2023-04-10,Laptop,Electronics,South,41,2272.68,75475.7,0.19,18,Female
2022-07-24,Sugar,Food,North,8,873.33,5938.64,0.15,59,Male
2023-09-01,Sofa,Furniture,West,31,4380.18,130354.16,0.04,29,Female
2022-10-16,T-Shirt,Clothing,West,24,991.26,17604.78,0.26,54,Male
2022-01-22,Camera,Electronics,South,6,4873.23,27485.02,0.06,62,Male
2022-02-20,Shelf,Furniture,West,39,1374.77,52007.55,0.03,41,Male
2023-08-04,Laptop,Electronics,West,50,4607.95,198141.85,0.14,61,Female
2022-05-02,Jeans,Clothing,South,18,1511.01,23118.45,0.15,26,Female
2022-07-31,Football,Sports,East,47,3418.22,139771.02,0.13,44,Male
2022-01-30,Sugar,Food,South,40,2309.79,85924.19,0.07,55,Female
2022-03-29,Headphones,Electronics,South,21,4874.56,90081.87,0.12,31,Female
2023-12-27,Shelf,Furniture,East,5,566.87,2777.66,0.02,39,Male
2023-04-28,Spices,Food,North,1,1342.92,1087.77,0.19,37,Female
2023-11-19,Wheat,Food,North,38,978.92,35339.01,0.05,49,Female
2023-04-25,T-Shirt,Clothing,East,46,2699.08,119191.37,0.04,25,Female
2022-02-15,Shoes,Clothing,East,48,1866.9,77961.74,0.13,34,Female
2023-06-14,Oil,Food,South,21,3710.66,66235.28,0.15,27,Female
2022-02-24,Jeans,Clothing,North,15,997.39,12866.33,0.14,28,Female
2023-03-23,Headphones,Electronics,North,29,1846.95,42313.62,0.21,49,Female
2023-05-20,Phone,Electronics,North,23,558.53,9506.18,0.26,29,Male
2023-06-05,Spices,Food,South,38,4990.22,189628.36,0.0,54,Male
2023-03-03,Phone,Electronics,West,44,562.1,22259.16,0.1,36,Male
2023-02-08,Spices,Food,North,21,853.5,17565.03,0.02,63,Female
2023-04-10,Spices,Food,North,22,4851.88,85393.09,0.2,46,Female
2023-08-06,Jeans,Clothing,North,42,1486.47,47448.12,0.24,65,Male
2023-07-15,Gym Kit,Sports,North,26,1350.3,32650.25,0.07,43,Male
2022-01-22,Jeans,Clothing,West,50,2071.74,83905.47,0.19,59,Male
2022-05-04,Oil,Food,West,48,4051.13,176953.36,0.09,61,Male
2023-01-03,Tablet,Electronics,South,32,2282.67,64279.99,0.12,35,Female
2022-04-03,Sofa,Furniture,South,28,3190.36,86650.18,0.03,50,Female
2023-04-20,Jeans,Clothing,West,34,3184.84,90959.03,0.16,36,Female
2023-03-24,Headphones,Electronics,East,10,4922.51,38887.83,0.21,37,Male
2023-06-20,Sofa,Furniture,North,36,475.01,16929.36,0.01,24,Female
2023-02-27,Headphones,Electronics,East,23,1348.82,30402.4,0.02,50,Male
2022-04-27,Table,Furniture,South,26,321.77,7362.1,0.12,63,Female
2022-11-18,Gym Kit,Sports,West,40,4058.39,146102.04,0.1,29,Male
2022-07-09,Camera,Electronics,East,44,621.02,22952.9,0.16,18,Female
2022-04-30,Phone,Electronics,West,30,3489.85,77474.67,0.26,65,Female
2022-11-07,Cycle,Sports,East,45,3401.64,120928.3,0.21,43,Female
2022-03-31,Jeans,Clothing,North,13,648.37,8428.81,0.0,30,Male
2022-08-03,Table,Furniture,South,28,4226.24,87567.69,0.26,52,Male
2022-03-30,Oil,Food,South,31,2167.21,65168.0,0.03,27,Female
2023-05-12,Chair,Furniture,West,38,1288.89,44569.82,0.09,43,Male
2022-12-08,Laptop,Electronics,West,27,4258.22,89678.11,0.22,56,Female
2022-02-07,Bed,Furniture,West,33,2996.09,81074.2,0.18,61,Female
2022-08-26,Camera,Electronics,North,28,2924.38,67962.59,0.17,35,Female
2023-04-30,Headphones,Electronics,East,29,3517.82,100996.61,0.01,36,Male
2023-04-26,Oil,Food,South,33,1176.54,28342.85,0.27,39,Female
2022-05-15,Oil,Food,West,44,3297.25,129120.31,0.11,48,Male
2023-09-29,Jacket,Clothing,North,43,2466.16,100742.64,0.05,28,Female
2022-04-14,Bed,Furniture,East,16,1126.22,17839.32,0.01,19,Female
2022-09-25,Wheat,Food,South,33,256.65,8300.06,0.02,45,Male
2023-09-25,T-Shirt,Clothing,South,32,1363.33,39263.9,0.1,40,Male
2023-07-25,Wheat,Food,North,46,347.07,11494.96,0.28,47,Male
2022-04-19,Cycle,Sports,North,36,305.65,10673.3,0.03,58,Male
2022-07-30,Wheat,Food,East,46,2263.44,88500.5,0.15,64,Male
2022-06-07,Sugar,Food,South,8,4258.12,29636.52,0.13,44,Male
2022-09-09,Sofa,Furniture,East,33,939.18,28513.5,0.08,63,Female
2023-01-05,Jeans,Clothing,West,15,776.17,10129.02,0.13,44,Female
2023-06-13,Rice,Food,West,10,3873.74,30215.17,0.22,51,Male
2022-03-28,Sugar,Food,West,50,905.19,44354.31,0.02,20,Male
2023-08-12,Camera,Electronics,East,27,2069.81,44707.9,0.2,53,Female
2022-11-18,Rice,Food,East,34,3090.97,100889.26,0.04,43,Female
2023-10-22,Dress,Clothing,West,45,1791.73,61277.17,0.24,59,Female
2022-07-22,Rice,Food,North,35,1739.02,47475.25,0.22,65,Male
2023-06-17,Badminton,Sports,South,6,2607.19,14235.26,0.09,39,Male
2022-01-24,Camera,Electronics,East,16,4177.92,60830.52,0.09,45,Male
2022-03-03,Sugar,Food,East,8,333.89,2136.9,0.2,25,Female
2022-11-02,Cricket Bat,Sports,West,22,4916.46,82203.21,0.24,55,Male
2022-12-25,Sugar,Food,South,46,1950.56,69986.09,0.22,24,Female
2023-06-13,Football,Sports,East,30,580.14,13749.32,0.21,44,Male
2022-04-05,Headphones,Electronics,South,31,1152.44,35011.13,0.02,61,Female
2023-08-26,Cycle,Sports,West,17,2963.09,40801.75,0.19,46,Female
2023-03-03,Jeans,Clothing,South,32,3584.64,110120.14,0.04,63,Male
2023-12-13,Shoes,Clothing,West,3,3757.83,8116.91,0.28,41,Male
2023-09-09,Chair,Furniture,North,24,2901.65,68943.2,0.01,27,Male
2023-01-16,Sugar,Food,East,19,2481.04,35826.22,0.24,27,Female
2022-02-19,Sugar,Food,South,12,4113.71,41959.84,0.15,25,Female
2022-03-11,Headphones,Electronics,West,37,1617.54,51470.12,0.14,39,Female
2023-05-02,Football,Sports,South,33,3218.66,81786.15,0.23,60,Female
2022-06-02,Rice,Food,West,25,1240.83,27298.26,0.12,52,Male
2023-11-18,Sofa,Furniture,North,11,3565.32,32551.37,0.17,63,Female
2023-07-29,Camera,Electronics,North,13,4780.32,52201.09,0.16,21,Male
2023-05-03,Cricket Bat,Sports,North,43,4687.29,191475.8,0.05,19,Female
2022-07-30,Dress,Clothing,West,6,4053.91,19945.24,0.18,43,Male
2023-05-19,Tablet,Electronics,West,12,2133.19,18942.73,0.26,38,Female
2022-09-21,Laptop,Electronics,North,35,923.96,31045.06,0.04,34,Male
2022-06-07,Oil,Food,South,4,3110.93,11199.35,0.1,19,Male
2022-11-02,Chair,Furniture,East,10,2122.83,19105.47,0.1,42,Male
2022-02-23,Jeans,Clothing,South,32,2592.24,70508.93,0.15,25,Female
2022-03-04,Oil,Food,West,5,2472.44,10878.74,0.12,32,Male
2022-10-03,Cycle,Sports,North,16,3838.59,49133.95,0.2,26,Female
2023-08-05,Bed,Furniture,North,41,2552.12,80570.43,0.23,27,Female
2023-07-08,Jeans,Clothing,West,36,2313.54,83287.44,0.0,47,Female
2023-10-31,T-Shirt,Clothing,North,31,1439.18,41045.41,0.08,61,Female
2022-12-26,Dress,Clothing,East,3,890.94,2245.17,0.16,22,Female
2022-04-02,Chair,Furniture,South,47,2826.75,122228.67,0.08,45,Male
2023-09-18,Badminton,Sports,East,41,1380.67,43587.75,0.23,46,Female
2022-09-09,Sugar,Food,South,30,4799.06,129574.62,0.1,62,Male
2023-10-24,Camera,Electronics,West,1,4517.08,3613.66,0.2,44,Female
2023-02-07,Cricket Bat,Sports,North,35,251.64,6605.55,0.25,60,Female
2023-11-20,Tablet,Electronics,West,39,1854.03,68691.81,0.05,62,Male
2022-05-08,Sofa,Furniture,South,29,145.88,3299.81,0.22,35,Female
2022-07-16,Camera,Electronics,East,46,1183.62,38657.03,0.29,41,Male
2022-10-15,Shelf,Furniture,South,1,1060.83,795.62,0.25,43,Male
2022-10-12,Cycle,Sports,West,11,2803.75,24673.0,0.2,54,Male
2022-03-08,Football,Sports,North,9,1372.16,10250.04,0.17,32,Female
2022-07-16,Camera,Electronics,East,44,2844.57,107638.53,0.14,45,Male
2022-11-27,Bed,Furniture,East,8,3432.85,23618.01,0.14,41,Male
2022-08-18,Tablet,Electronics,West,35,2299.42,80479.7,0.0,30,Female
2022-03-25,Cricket Bat,Sports,South,45,2176.72,95993.35,0.02,33,Male
2022-06-18,Sugar,Food,North,41,3163.94,128424.32,0.01,45,Male
2023-08-30,Sugar,Food,South,7,2420.52,12029.98,0.29,21,Female
2023-06-17,T-Shirt,Clothing,West,49,568.79,24247.52,0.13,25,Male
2022-03-04,Headphones,Electronics,East,45,418.64,18085.25,0.04,46,Male
2022-11-05,Gym Kit,Sports,North,7,3420.07,19870.61,0.17,36,Female
2023-02-16,Camera,Electronics,West,15,4336.46,49435.64,0.24,57,Male
2023-04-10,Bed,Furniture,West,40,3134.23,112832.28,0.1,61,Male
2023-04-10,Badminton,Sports,South,7,603.18,3462.25,0.18,22,Male
2023-08-10,Dress,Clothing,East,23,2162.93,38802.96,0.22,46,Male
2022-09-06,T-Shirt,Clothing,North,9,1627.17,12740.74,0.13,59,Female
2022-11-15,Cycle,Sports,South,10,2400.67,19685.49,0.18,36,Female
2022-01-09,Cycle,Sports,South,4,1263.2,3789.6,0.25,53,Male
2023-03-09,Wheat,Food,South,41,4551.65,141829.41,0.24,39,Male
2023-11-15,Bed,Furniture,East,38,2873.87,98286.35,0.1,37,Female
2022-12-03,T-Shirt,Clothing,West,3,2530.06,5464.93,0.28,58,Male
2023-12-11,Shoes,Clothing,South,16,2455.66,30253.73,0.23,39,Female
2022-07-30,Table,Furniture,North,24,148.47,3171.32,0.11,53,Male
2022-05-26,Oil,Food,South,41,2969.86,93758.48,0.23,20,Male
2022-07-23,Jacket,Clothing,South,15,4438.37,51928.93,0.22,39,Male
2022-07-02,T-Shirt,Clothing,South,17,4562.18,76781.49,0.01,61,Male
2023-01-24,Tablet,Electronics,South,20,2335.4,41570.12,0.11,41,Male
2023-06-24,Gym Kit,Sports,North,8,807.72,4652.47,0.28,30,Male
2023-06-30,Sofa,Furniture,East,39,2204.75,69648.05,0.19,20,Male
2023-07-03,Wheat,Food,East,16,360.97,4389.4,0.24,26,Female
2022-08-03,Headphones,Electronics,North,11,2592.21,21956.02,0.23,59,Female
2023-05-26,Gym Kit,Sports,South,21,3591.19,63348.59,0.16,48,Female
2023-05-01,Spices,Food,West,41,4613.81,155116.29,0.18,20,Male
2022-08-13,Shoes,Clothing,South,26,1171.11,26490.51,0.13,42,Male
2023-01-19,Spices,Food,North,9,3782.95,30982.36,0.09,51,Female
2022-08-24,Cricket Bat,Sports,West,33,3143.52,90250.46,0.13,47,Female
2023-02-23,Oil,Food,East,18,1973.62,33748.9,0.05,32,Female
2023-10-23,Tablet,Electronics,North,19,4228.76,68294.47,0.15,59,Male
2022-10-11,T-Shirt,Clothing,North,5,1865.16,7833.67,0.16,39,Male
2023-11-23,Sugar,Food,East,48,4096.27,155330.56,0.21,35,Male
2023-12-24,Football,Sports,East,1,3873.37,3563.5,0.08,40,Female
2023-02-20,Cricket Bat,Sports,West,42,2611.97,84471.11,0.23,27,Female
2022-08-22,Jeans,Clothing,West,15,2627.54,29953.96,0.24,47,Female
2022-12-15,Tablet,Electronics,South,28,3873.64,85684.92,0.21,31,Female
2023-04-06,Cricket Bat,Sports,East,9,2929.79,25313.39,0.04,65,Male
2023-05-27,Sugar,Food,South,27,2186.02,45447.36,0.23,62,Female
2022-11-30,Cricket Bat,Sports,North,9,853.09,5451.25,0.29,39,Female
2023-01-26,Shoes,Clothing,North,35,1993.53,60005.25,0.14,39,Female